Name,Team,WPA,-WPA,+WPA,RE24,REW,pLI,inLI,gmLI,exLI,Pulls,WPA/LI,Clutch,SD,MD,NameASCII,PlayerId,MLBAMID
"Gregory Soto","- - -",-1.0995455831289291,-6.628191947937012,5.528646469116211,-8.75700044631958,-0.8952482640743256,1.2539217095626027,1.0652577411837694,1.3516657437597002,1.2459789493627715,57,-0.714164674282074,-0.1627206804762198,18,18,"Gregory Soto",19677,642397
"Ryan Walker","SFG",-1.602571964263916,-8.5465087890625,6.943936824798584,-7.578000545501709,-0.7786170244216919,1.7551374435424805,1.4067564010620117,1.5961205959320068,1.988224983215332,32,0.34470584988594055,-1.2577807604350346,26,16,"Ryan Walker",20423,676254
"Edwin Uceta","TBR",0.8505566120147705,-8.058672904968262,8.909229278564453,5.561999320983887,0.5476210713386536,1.5220818519592285,1.2655891180038452,1.416811466217041,1.437850832939148,59,0.44525137543678284,0.11355997292791342,29,16,"Edwin Uceta",20539,670955
"Jose A. Ferrer","WSN",0.7824221253395081,-9.038363456726074,9.820786476135254,0.5009995698928833,0.08369345963001251,1.632148027420044,1.3341645002365112,1.4262555837631226,1.4345407485961914,54,0.06922852247953415,0.4101533180121596,28,16,"Jose A. Ferrer",24017,678606
"Hoby Milner","TEX",-0.017963794991374016,-6.467130184173584,6.449166297912598,1.4089995622634888,0.20175623893737793,1.2971892356872559,1.1538976430892944,1.4463095664978027,1.3236825466156006,63,0.2505382299423218,-0.2643864754389449,27,15,"Hoby Milner",13346,571948
"Tim Hill","NYY",0.8772783279418945,-4.456110000610352,5.333388328552246,10.135001182556152,1.0398049354553223,1.103724718093872,1.0919926166534424,1.3884485960006714,1.0580346584320068,52,0.18731138110160828,0.6075229771040778,20,15,"Tim Hill",16814,657612
"Tyler Alexander","- - -",-2.7601276636123657,-7.870748519897461,5.110620975494385,-6.98099946975708,-0.6737766116857529,1.0352842626946697,0.8711351264606823,1.0641148572272443,1.0555485827582223,35,0.13490256667137146,-2.80096034719652,11,15,"Tyler Alexander",17735,641302
"Dylan Lee","ATL",1.3249485492706299,-5.4862060546875,6.811154365539551,12.538000106811523,1.315495491027832,1.2996424436569214,1.2485202550888062,1.4017810821533203,1.2174999713897705,68,1.2459557056427002,-0.22648411502389698,28,15,"Dylan Lee",19996,669276
"John Schreiber","KCR",0.5168240666389465,-6.034976959228516,6.5518012046813965,1.8640004396438599,0.20427504181861877,1.289386510848999,1.202171802520752,1.4464107751846313,1.270921230316162,66,0.4999416470527649,-0.09911221205375692,29,15,"John Schreiber",20020,670167
"Jake Bird","- - -",-0.9902541637420654,-5.856480419635773,4.8662261962890625,-7.2240002155303955,-0.9081762135028839,1.2079112069487112,0.9693712825360505,1.2626666575670242,1.2212619497662498,42,0.21657955646514893,-1.0363866400036266,17,15,"Jake Bird",21267,656234
"Brendon Little","TOR",0.8855385184288025,-7.158418655395508,8.043956756591797,9.866999626159668,1.0341860055923462,1.5248541831970215,1.1529722213745117,1.3413746356964111,1.3839679956436157,75,0.6108636260032654,-0.03012710169365873,23,15,"Brendon Little",21574,663893
"Carlos Vargas","SEA",-0.45288580656051636,-7.806082725524902,7.35319709777832,-2.7790005207061768,-0.3275980055332184,1.2844945192337036,1.0950007438659668,1.2853599786758423,1.3179333209991455,60,-0.17333106696605682,-0.17924794351558881,22,15,"Carlos Vargas",22915,672841
"Brandon Eisert","CHW",-1.6383119821548462,-6.707256317138672,5.068944454193115,-2.491000175476074,-0.2555748224258423,1.068713903427124,0.9046766757965088,1.0719826221466064,1.0496400594711304,55,-1.0321239233016968,-0.5008513443552036,11,15,"Brandon Eisert",27668,685126
"Orion Kerkering","PHI",-0.6295797824859619,-8.153127670288086,7.523547649383545,-0.05499956011772156,-0.037473469972610474,1.6051846742630005,1.2474628686904907,1.568660855293274,1.3945754766464233,57,-0.17308980226516724,-0.2191266153099789,25,15,"Orion Kerkering",31776,689147
"Huascar Brazobán","NYM",0.4276082515716553,-5.446259498596191,5.873867511749268,8.465999603271484,0.8845997452735901,1.3423223495483398,1.1366868019104004,1.5927917957305908,1.1439673900604248,43,0.4000511169433594,-0.08149257419426825,17,14,"Huascar Brazoban",6107,623211
"Tanner Scott","LAD",-1.9486385583877563,-9.869467735290527,7.920828819274902,-3.8570003509521484,-0.4215492606163025,1.9274033308029175,1.7095671892166138,1.8371212482452393,1.5701571702957153,28,-0.42707064747810364,-0.5839468843718556,22,14,"Tanner Scott",17586,656945
"Griffin Jax","- - -",-0.7117516398429871,-8.59972596168518,7.887974262237549,3.3489999771118164,0.29849860072135925,1.7272737913943352,1.3182634232749402,1.391546454228146,1.4585138651040883,65,0.18569204211235046,-0.5977585271068505,29,14,"Griffin Jax",20253,643377
"Graham Ashcraft","CIN",0.19568169116973877,-8.045843124389648,8.241524696350098,3.051999568939209,0.2689003646373749,1.5607599020004272,1.3180583715438843,1.4959096908569336,1.356224536895752,57,0.05512207746505737,0.07025383135918484,24,14,"Graham Ashcraft",27552,668933
"Reed Garrett","NYM",0.5339641571044922,-7.020779609680176,7.554743766784668,-2.3140006065368652,-0.22444617748260498,1.822070837020874,1.3789055347442627,1.6928070783615112,1.3345346450805664,49,0.5433154106140137,-0.25026195393417605,25,13,"Reed Garrett",16866,657585
"Jeff Hoffman","TOR",-0.2920180857181549,-9.352169036865234,9.060151100158691,-5.073000431060791,-0.5244777798652649,1.8784153461456299,1.6791129112243652,1.723380208015442,2.3939833641052246,12,0.018418213352560997,-0.17387801957558538,29,13,"Jeff Hoffman",17432,656546
"Garrett Cleavinger","TBR",0.5635721683502197,-5.595176696777344,6.158749103546143,10.300999641418457,1.08368980884552,1.3482145071029663,1.2369840145111084,1.3701403141021729,1.3360586166381836,58,0.7783653736114502,-0.3603516485097825,20,13,"Garrett Cleavinger",17897,664076
"Ryan Helsley","- - -",-0.3738820552825928,-8.051363945007324,7.6774821281433105,-3.7730002403259277,-0.38120830059051514,1.8031490376954589,1.469288138009734,1.5176896555670376,1.6743455041538586,22,-0.5408375933766365,0.33348809121876816,22,13,"Ryan Helsley",18138,664854
"Keegan Akin","BAL",-0.13264670968055725,-6.969684600830078,6.837038040161133,4.521999835968018,0.4399430751800537,1.5633646249771118,1.4156566858291626,1.7712064981460571,1.275539517402649,43,-0.4207536280155182,0.3359066847232589,24,13,"Keegan Akin",19362,669211
"Calvin Faucher","MIA",1.1697860956192017,-6.493259906768799,7.663045883178711,5.754000663757324,0.5748043656349182,1.744086742401123,1.4546724557876587,1.587507724761963,1.630916714668274,36,0.663833498954773,0.006882049291830339,26,13,"Calvin Faucher",20116,676534
"Jeremiah Estrada","SDP",1.2950923442840576,-6.828549861907959,8.123641967773438,2.2049999237060547,0.29767706990242004,1.4429641962051392,1.3210680484771729,1.4423896074295044,1.4098029136657715,70,0.4277135729789734,0.4698085884786909,33,13,"Jeremiah Estrada",22210,669093
"Angel Zerpa","KCR",-0.19036585092544556,-5.585925579071045,5.395559787750244,-3.681999444961548,-0.39864999055862427,1.109117865562439,1.0488975048065186,1.1800836324691772,1.3213428258895874,63,-0.2800964415073395,0.10845927215301651,18,13,"Angel Zerpa",22717,672582
"José Buttó","- - -",0.015386469662189484,-5.423541784286499,5.4389283657073975,0.39999985694885254,0.004070945084095001,1.0892275131788831,0.986996764090003,1.4128109433434226,1.2814608721629432,46,0.1342364139854908,-0.1201103755995484,12,13,"Jose Butto",23313,676130
"Robert Garcia","TEX",-0.9284353852272034,-8.731907844543457,7.803472995758057,6.253999710083008,0.6176173090934753,1.6686999797821045,1.3450862169265747,1.4250619411468506,1.645721673965454,46,0.6079366207122803,-1.1643190720073515,22,13,"Robert Garcia",23363,676395
"Ronny Henriquez","MIA",1.235098123550415,-6.502787113189697,7.737885475158691,10.51300048828125,1.0493292808532715,1.4003950357437134,1.247018575668335,1.4922521114349365,1.1552866697311401,60,1.2069978713989258,-0.32503378838967223,32,13,"Ronny Henriquez",24094,678692
"Alex Vesia","LAD",1.2801403999328613,-5.1916656494140625,6.471806049346924,13.019000053405762,1.3172577619552612,1.5599315166473389,1.3846383094787598,1.6335235834121704,1.5748034715652466,57,1.0445547103881836,-0.22391586421358656,28,13,"Alex Vesia",25007,681911
"Ryan Zeferjahn","LAA",-0.6914437413215637,-6.473675727844238,5.782232284545898,-3.2609994411468506,-0.3468690514564514,1.3369418382644653,1.1780771017074585,1.367862343788147,1.3728926181793213,54,-0.6254609823226929,0.1082778696906932,19,13,"Ryan Zeferjahn",25420,666171
"Hunter Gaddis","CLE",2.009164333343506,-6.959783554077148,8.968948364257812,4.196000099182129,0.4056806266307831,1.6710035800933838,1.4182147979736328,1.5486301183700562,1.5130953788757324,65,0.7353905439376831,0.46697931168597995,32,13,"Hunter Gaddis",25636,683769
"Yennier Cano","BAL",-1.8812360763549805,-6.676619529724121,4.795383453369141,-9.017000198364258,-0.951452374458313,1.1647529602050781,0.9774616956710815,1.1753476858139038,1.1851036548614502,54,-0.6865831613540649,-0.9285542460011833,16,13,"Yennier Cano",25911,666974
"Jordan Leasure","CHW",-0.34225574135780334,-8.159879684448242,7.817624092102051,3.4790005683898926,0.3334236443042755,1.568669080734253,1.343364953994751,1.502340316772461,1.1342880725860596,50,-0.06005987524986267,-0.15812236953410566,24,13,"Jordan Leasure",29950,673929
"Steven Matz","- - -",-0.5212437808513641,-6.417022109031677,5.895778298377991,2.9009997844696045,0.29743915796279913,1.129407932003625,1.0415206853081198,1.3758549269507914,0.9085106608715463,47,0.4107917472720146,-0.8723112444183222,13,12,"Steven Matz",13361,571927
"Justin Topa","MIN",-1.638427734375,-5.444471836090088,3.806044101715088,-5.065000057220459,-0.51668381690979,0.9800518155097961,0.8222726583480835,1.0315207242965698,0.7409833073616028,36,-0.6642448306083679,-1.0075318126732271,12,12,"Justin Topa",15145,623437
"Tyler Rogers","- - -",0.9800083637237549,-6.38630747795105,7.366315603256226,15.646999835968018,1.5911546796560287,1.307321086525917,1.2247428922426133,1.311587667759554,1.3432735204696655,68,1.9087634980678558,-1.1591325360766933,26,12,"Tyler Rogers",15541,643511
"Luke Weaver","NYY",1.6704363822937012,-5.30367374420166,6.974110126495361,3.436000347137451,0.35297852754592896,1.4487015008926392,1.3774473667144775,1.6191905736923218,1.323212742805481,47,1.4810001850128174,-0.32794251145864717,32,12,"Luke Weaver",16918,596133
"Gabe Speier","SEA",0.9360058307647705,-5.232324123382568,6.16832971572876,8.505999565124512,0.960786759853363,1.3973667621612549,1.2130247354507446,1.56754469871521,1.4021778106689453,72,0.8325106501579285,-0.16267517381019758,31,12,"Gabe Speier",17170,642100
"Phil Maton","- - -",0.9347025156021118,-6.884852170944214,7.819554805755615,13.460000038146973,1.4142633080482483,1.6638818762519143,1.4175730829369533,1.5904222480834476,1.700712180719143,41,1.3604297041893005,-0.7986695642762215,28,12,"Phil Maton",18064,664208
"Caleb Ferguson","- - -",0.9651666879653931,-4.836675047874451,5.801841735839844,8.099000811576843,0.787580631673336,1.2419127384398847,1.053687147347324,1.1250485564981187,1.1892757253213362,66,1.4087203741073608,-0.6315589374851273,20,12,"Caleb Ferguson",19349,657571
"Cole Sands","MIN",-0.8547376394271851,-6.179751873016357,5.325014114379883,-3.1540002822875977,-0.3272046446800232,1.120374083518982,1.0121426582336426,1.1890666484832764,0.9981041550636292,48,0.2677053213119507,-1.0306091156790431,17,12,"Cole Sands",21461,663485
"Tyler Holton","DET",1.16080641746521,-5.1585893630981445,6.319395542144775,11.711999893188477,1.2225507497787476,1.2035115957260132,1.162095308303833,1.2490968704223633,1.1805241107940674,58,0.7194822430610657,0.24503394572144332,21,12,"Tyler Holton",26231,663947
"Jared Koenig","MIL",2.0731863975524902,-5.027951240539551,7.101137638092041,8.023000717163086,0.8070123195648193,1.3564938306808472,1.163284182548523,1.2307499647140503,1.3486062288284302,64,0.6326630115509033,0.8956789172228701,25,12,"Jared Koenig",27517,657649
"Louis Varland","- - -",1.3362483382225037,-4.795148015022278,6.131396174430847,7.003999710083008,0.7330779433250427,1.1765866570648142,1.0954607036851702,1.223536973130213,1.2180245784612802,65,0.3729285001754761,0.7627705409440206,25,12,"Louis Varland",27691,686973
"Taylor Rogers","- - -",-0.8477618247270584,-3.291528105735779,2.4437662959098816,-4.180999755859375,-0.4860760271549225,0.6789303836843515,0.6801412754984044,0.8394525992242914,0.7575061102302707,49,-0.21713251213077456,-1.0315401722857178,9,11,"Taylor Rogers",13449,573124
"Devin Williams","NYY",0.0774160698056221,-7.877160549163818,7.9545769691467285,3.0240001678466797,0.31365084648132324,1.7148739099502563,1.36527681350708,1.385755181312561,1.3977789878845215,38,0.133969247341156,-0.08882536279289338,24,11,"Devin Williams",15816,642207
"Tanner Banks","PHI",1.5488224029541016,-3.0983099937438965,4.647132396697998,9.168999671936035,0.9137595295906067,0.9567917585372925,0.9145497679710388,1.2142146825790405,1.0009034872055054,58,1.0196930170059204,0.5990734377991287,22,11,"Tanner Banks",16990,621383
"Raisel Iglesias","ATL",1.0409380197525024,-7.489711761474609,8.53065013885498,8.071000099182129,0.8160378336906433,1.6491516828536987,1.5909018516540527,1.6325000524520874,2.48207688331604,13,1.4044082164764404,-0.7732121715187934,29,11,"Raisel Iglesias",17130,628452
"Lake Bachar","MIA",0.28870031237602234,-4.8853020668029785,5.174002170562744,1.0310006141662598,0.08786073327064514,0.9562963247299194,0.9279701709747314,1.0611577033996582,1.0631099939346313,40,0.5525538325309753,-0.2506596341426692,20,11,"Lake Bachar",19222,669199
"Matt Festa","CLE",-0.0664559155702591,-3.870014190673828,3.803558111190796,0.4979998767375946,0.049532465636730194,1.0308116674423218,0.8833088874816895,1.1417078971862793,1.1895413398742676,58,0.04481495916843414,-0.10928446186154135,14,11,"Matt Festa",19330,670036
"Anthony Bender","MIA",1.0129863023757935,-5.546801567077637,6.559787750244141,12.166000366210938,1.2391088008880615,1.68647301197052,1.4208143949508667,1.5343215465545654,1.601656436920166,39,0.6821788549423218,-0.08152512660771105,26,11,"Anthony Bender",19742,669622
"Will Vest","DET",1.899306058883667,-8.177422523498535,10.076727867126465,7.599000453948975,0.7664681673049927,1.861956000328064,1.773638367652893,1.8379437923431396,1.5706250667572021,24,0.6507319808006287,0.3693276009236559,30,11,"Will Vest",19769,676684
"Tony Santillan","CIN",2.3294639587402344,-7.437465190887451,9.766928672790527,11.93600082397461,1.1452043056488037,1.658329725265503,1.392529010772705,1.56086003780365,1.486818790435791,64,1.2762889862060547,0.12841595470506673,34,11,"Tony Santillan",19926,663574
"Adrian Morejon","SDP",3.1630983352661133,-4.304008960723877,7.46710729598999,22.094999313354492,2.274439573287964,1.3274592161178589,1.2228538990020752,1.5351253747940063,1.2755666971206665,66,2.046476125717163,0.3363453552444611,37,11,"Adrian Morejon",20039,670970
"Steven Wilson","CHW",0.053470809012651443,-5.335229873657227,5.388700485229492,7.9079999923706055,0.7948216795921326,1.2590324878692627,1.1550648212432861,1.500640630722046,1.4132722616195679,36,-0.055719271302223206,0.09818903243058244,20,11,"Steven Wilson",20353,621051
"Jhoan Duran","- - -",1.3706737458705902,-8.147977590560913,9.518651485443115,15.223000049591064,1.540075957775116,1.8785255887569525,1.5965332872158773,1.6483889089690313,1.64321170834934,17,1.2853955626487732,-0.5557415435211526,34,11,"Jhoan Duran",21029,661395
"Camilo Doval","- - -",0.5194939374923706,-7.241892337799072,7.7613866329193115,2.4069995880126953,0.23237037658691406,1.617226856266892,1.272919515768687,1.3149072156436201,1.4949030009183017,33,0.13792684674263,0.1832983020231645,23,11,"Camilo Doval",21992,666808
"Kyle Leahy","STL",0.8912622928619385,-7.11705207824707,8.00831413269043,9.768000602722168,0.9468749165534973,1.3160582780838013,1.1261646747589111,1.2170524597167969,1.442840814590454,49,0.9740859270095825,-0.29686493482097787,22,11,"Kyle Leahy",24763,681517
"Nick Mears","MIL",0.47015807032585144,-4.91719388961792,5.387351989746094,9.163000106811523,0.9266192317008972,1.425247311592102,1.1692214012145996,1.6273618936538696,1.1673356294631958,59,0.5998863577842712,-0.2700081208622513,22,11,"Nick Mears",25376,683232
"Reid Detmers","LAA",0.911224365234375,-6.299127101898193,7.210351467132568,6.65600061416626,0.6167472004890442,1.4407685995101929,1.3537815809249878,1.5062525272369385,1.3102778196334839,54,0.5868886113166809,0.04556851298777509,29,11,"Reid Detmers",27468,672282
"Cade Smith","CLE",2.0779783725738525,-8.022781372070312,10.100760459899902,9.559000015258789,1.0364972352981567,1.7913908958435059,1.626891851425171,1.712694764137268,1.3648043870925903,46,0.7870697975158691,0.37291062741277403,40,11,"Cade Smith",27867,671922
"Spencer Bivens","SFG",-0.07845020294189453,-5.047870635986328,4.969420433044434,-0.02900087833404541,-0.009344447404146194,0.7902073264122009,0.6970884799957275,1.0998852252960205,0.7676315903663635,38,-0.17829015851020813,0.07901215852242764,11,11,"Spencer Bivens",30226,702352
"Luke Jackson","- - -",-1.2803341345861554,-5.492645028978586,4.21231078915298,-0.01100015640258789,0.03299554530531168,1.222651492430133,1.2522234118077904,1.286623045658836,1.583341690634067,24,0.4174794629216194,-1.4646577819382451,12,10,"Luke Jackson",11752,592426
"Pierce Johnson","ATL",0.16842618584632874,-5.572402000427246,5.740828037261963,8.994000434875488,0.8901158571243286,1.2271771430969238,1.14688241481781,1.3487138748168945,1.5066615343093872,52,0.24648453295230865,-0.1092376922710312,17,10,"Pierce Johnson",13435,572955
"Wandy Peralta","SDP",-0.28846481442451477,-3.844071865081787,3.5556070804595947,0.17899978160858154,0.07693823426961899,0.7175855040550232,0.6676118969917297,0.9908014535903931,0.7634339928627014,53,0.40760543942451477,-0.8095990872816986,8,10,"Wandy Peralta",14295,593974
"Scott Barlow","CIN",1.9890061616897583,-4.146131992340088,6.135138034820557,12.339999198913574,1.1937577724456787,1.062000036239624,0.928311824798584,1.0984594821929932,1.0848424434661865,66,0.9511894583702087,0.9216976356194657,24,10,"Scott Barlow",14993,605130
"Brock Burke","LAA",0.8948399424552917,-4.586237907409668,5.481078147888184,2.013000249862671,0.194324791431427,1.2043263912200928,1.0275063514709473,1.3020529747009277,1.5017777681350708,54,0.6297014355659485,0.11331968310997542,22,10,"Brock Burke",17968,656271
"Pete Fairbanks","TBR",0.9329180121421814,-7.785545349121094,8.718462944030762,10.133999824523926,1.056687355041504,1.8453947305679321,1.6922520399093628,1.7179311513900757,2.69403076171875,13,0.4820365905761719,0.023501870485256315,28,10,"Pete Fairbanks",17998,664126
"Enyel De Los Santos","- - -",-0.1405215859413147,-4.568725228309631,4.428203582763672,-3.1619997024536133,-0.31393927335739136,0.8579815595630086,0.7557943219488318,0.9449077010154724,0.8181571449552264,56,0.3621295094490051,-0.5259111016931156,12,10,"Enyel De Los Santos",18403,660853
"Lucas Erceg","KCR",2.3286101818084717,-5.747168064117432,8.075778007507324,14.123000144958496,1.4427134990692139,1.6468746662139893,1.518984079360962,1.6381639242172241,1.6233019828796387,51,1.325011968612671,0.08894516460483648,29,10,"Lucas Erceg",19360,668674
"Bryan Baker","- - -",0.09037238359451294,-5.744297981262207,5.834670305252075,6.533999726176262,0.662363313138485,1.1693852014944588,1.0625141382217407,1.2176575121814257,1.2036328022597267,61,0.37746836245059967,-0.3001863996901524,24,10,"Bryan Baker",19804,641329
"Greg Weissert","BOS",0.14915397763252258,-7.289825439453125,7.438979625701904,9.407000541687012,0.969195544719696,1.4041591882705688,1.202368974685669,1.3549916744232178,1.217098355293274,61,0.4643472135066986,-0.3581242304728248,23,10,"Greg Weissert",20375,669711
"Robert Suarez","SDP",3.1605749130249023,-7.234050273895264,10.394624710083008,14.461999893188477,1.5708547830581665,1.9845598936080933,1.9974836111068726,2.017305612564087,2.8667428493499756,14,1.6821801662445068,-0.08959788983927486,39,10,"Robert Suarez",30115,663158
"Caleb Thielbar","CHC",0.9479250907897949,-4.084619522094727,5.0325446128845215,10.29800033569336,1.0547401905059814,1.148121953010559,0.9984285235404968,1.2846835851669312,1.1602540016174316,63,1.2940906286239624,-0.46845961590429097,21,9,"Caleb Thielbar",10078,573204
"Tommy Kahnle","DET",1.5595101118087769,-5.689151763916016,7.248661994934082,2.331000328063965,0.22673077881336212,1.3926444053649902,1.2917585372924805,1.4226696491241455,1.3380359411239624,50,0.7379924058914185,0.38182691467667285,25,9,"Tommy Kahnle",11384,592454
"Rafael Montero","- - -",0.16516413912177086,-3.507443740963936,3.6726078242063522,3.6820002794265747,0.364287581294775,0.8857915142558256,0.7774151253700257,0.8485423920013137,1.2872000311811764,36,0.6964527815580368,-0.5099933986630345,8,9,"Rafael Montero",12760,606160
"Carlos Estévez","KCR",2.118417978286743,-8.57742977142334,10.695847511291504,13.782000541687012,1.390753149986267,2.0591883659362793,1.7927587032318115,1.8142447471618652,2.0760998725891113,10,1.2951844930648804,-0.2664209212954114,34,9,"Carlos Estevez",14542,608032
"Emilio Pagán","CIN",1.0888493061065674,-6.794111251831055,7.882960319519043,13.220000267028809,1.3262887001037598,1.5006853342056274,1.5287449359893799,1.505705714225769,2.180285692214966,14,1.4141234159469604,-0.6885553829369366,23,9,"Emilio Pagan",14771,641941
"Kyle Finnegan","- - -",0.8372799754142761,-7.576346397399902,8.413626194000244,3.916999578475952,0.3840951919555664,2.113491116992889,1.6999555338512768,1.7997678688594274,2.002744476000468,18,0.8460228890180588,-0.44986320389689666,28,9,"Kyle Finnegan",15009,640448
"Ryne Stanek","NYM",-0.8131778240203857,-5.188970565795898,4.375792503356934,-9.136000633239746,-0.9434139132499695,1.0631992816925049,0.9043357968330383,1.0439753532409668,1.1424458026885986,48,-0.5740988850593567,-0.190741571497282,17,9,"Ryne Stanek",15947,592773
"Tyler Kinley","- - -",0.9441762864589691,-5.48855984210968,6.432736158370972,5.815001010894775,0.673743724822998,1.141623621637171,0.9883972642033599,1.072931513394395,0.7998528266852757,53,1.2897671312093735,-0.462720223135632,22,9,"Tyler Kinley",18297,641755
"Seranthony Domínguez","- - -",1.8346422910690308,-4.6258769035339355,6.460519194602966,10.437999784946442,1.0998719464987516,1.2536786540079925,1.1332983738038598,1.3333015068253475,1.3731269194529607,52,0.5519640147686005,0.911443123259718,24,9,"Seranthony Dominguez",19249,622554
"Jacob Webb","TEX",-0.0010197577066719532,-4.5711140632629395,4.570094108581543,8.805000305175781,0.9470821022987366,0.9966087341308594,0.9435814619064331,1.0954654216766357,1.0556130409240723,46,0.906766414642334,-0.9077896423863305,13,9,"Jacob Webb",19274,657097
"Jorge Alcala","- - -",-0.9911156818270683,-3.377709925174713,2.3865941762924194,-18.621999979019165,-1.880738526582718,0.6214201338857198,0.5454196281292859,0.6105964300887925,0.8793888754314847,36,-1.3393587470054626,-0.2555617066168787,8,9,"Jorge Alcala",19459,660896
"David Bednar","- - -",2.2512360215187073,-6.83468222618103,9.085918188095093,13.116000175476074,1.366063117980957,1.7915275092394847,1.6020675693239486,1.5622375309467316,1.5146769193502574,13,1.1162369847297668,0.14036444053909314,26,9,"David Bednar",19569,670280
"Grant Anderson","MIL",-0.6191173791885376,-4.362857341766357,3.7437400817871094,2.8330001831054688,0.2791597545146942,0.7528848648071289,0.7143335342407227,0.8407303094863892,0.7755914926528931,47,-0.1254289150238037,-0.6968978551486059,8,9,"Grant Anderson",20546,681982
"Eduard Bazardo","SEA",2.1585817337036133,-3.933413028717041,6.091994762420654,16.993999481201172,1.862937092781067,1.0241531133651733,0.915030300617218,0.9673945307731628,1.2302800416946411,55,1.4730994701385498,0.634575354586556,23,9,"Eduard Bazardo",20997,660825
"Jackson Rutledge","WSN",-0.47075966000556946,-3.3660292625427246,2.8952696323394775,-16.013999938964844,-1.6788415908813477,0.49509331583976746,0.44973739981651306,0.632539689540863,0.5790043473243713,46,-1.931967854499817,0.9811174896406665,7,9,"Jackson Rutledge",26215,671131
"Angel Chivilli","COL",-1.024315357208252,-3.4522969722747803,2.4279816150665283,-15.705000877380371,-1.515520453453064,0.5674799680709839,0.4806022644042969,0.5997860431671143,0.7765888571739197,36,-2.3216676712036133,0.5166429745783321,3,9,"Angel Chivilli",26790,683409
"Yuki Matsui","SDP",0.1451283097267151,-2.6699283123016357,2.815056562423706,0.43000030517578125,0.06328079849481583,0.5933286547660828,0.5324938893318176,0.7131016254425049,0.8289619088172913,42,-0.3690458834171295,0.6136460869652478,6,9,"Yuki Matsui",33826,673513
"Luis García","- - -",0.7561362981796265,-3.9347252249717712,4.690861463546753,4.673999547958374,0.48748350143432617,1.0320693333783457,0.9244078217130719,1.0007241388847088,0.81428373830263,43,0.26037541031837463,0.47226557970553384,10,8,"Luis Garcia",6984,472610
"Jason Adam","SDP",2.111424207687378,-6.4399824142456055,8.551405906677246,12.797999382019043,1.313376545906067,1.750738501548767,1.4724063873291016,1.5493907928466797,1.8928557634353638,61,1.25553560256958,-0.049516425051329804,34,8,"Jason Adam",11861,592094
"Steven Okert","HOU",0.8897222280502319,-3.6813719272613525,4.571094036102295,14.763999938964844,1.494444727897644,0.889735996723175,0.8407485485076904,0.9819164276123047,0.9672566652297974,60,1.3082383871078491,-0.30825386211728323,10,8,"Steven Okert",13580,595345
"Dennis Santana","PIT",2.4863290786743164,-5.0036115646362305,7.489940643310547,19.38300132751465,2.036255359649658,1.4085402488708496,1.5281736850738525,1.4791685342788696,1.904477834701538,36,1.797755479812622,-0.032574058360539615,31,8,"Dennis Santana",17878,642701
"Tyler Ferguson","ATH",0.8239742517471313,-4.416461944580078,5.24043607711792,4.442999839782715,0.4312876760959625,1.2299096584320068,1.2332379817962646,1.3394643068313599,1.5815130472183228,46,0.72715824842453,-0.05721127622365829,19,8,"Tyler Ferguson",19481,621053
"JoJo Romero","STL",2.139172077178955,-5.810075283050537,7.949247360229492,14.21299934387207,1.4660743474960327,1.753045678138733,1.400061011314392,1.6854091882705688,1.5968652963638306,49,1.0362789630889893,0.1839813551990006,25,8,"JoJo Romero",19574,668941
"Andrés Muñoz","SEA",3.8083741664886475,-7.865893363952637,11.674267768859863,15.127999305725098,1.5898175239562988,2.6235105991363525,2.1156728267669678,2.157421827316284,2.694105863571167,17,1.301015019416809,0.15061782999586204,46,8,"Andres Munoz",20373,662253
"Bennett Sousa","HOU",1.284088134765625,-3.086482524871826,4.370570659637451,8.67699909210205,0.8928287029266357,1.0099279880523682,1.011040449142456,1.1958454847335815,1.2472387552261353,31,0.7338588833808899,0.537606161609071,18,8,"Bennett Sousa",21345,656986
"Juan Mejia","COL",0.5976520776748657,-4.202280044555664,4.79993200302124,2.252999782562256,0.24012215435504913,1.0011074542999268,0.8262671232223511,1.0251636505126953,1.3302513360977173,39,0.801697313785553,-0.2047063762914324,17,8,"Juan Mejia",23237,675848
"Casey Legumina","SEA",-0.654672384262085,-3.353093385696411,2.698421001434326,-10.055000305175781,-1.0513648986816406,0.8349407315254211,0.8613919615745544,0.8945191502571106,0.9057266712188721,30,-1.0854345560073853,0.301340117272781,8,8,"Casey Legumina",25921,668984
"Justin Sterner","ATH",0.6386622786521912,-5.458115577697754,6.09677791595459,11.116999626159668,1.0896940231323242,1.2731127738952637,1.041995882987976,1.1458379030227661,1.0033639669418335,50,0.7668612599372864,-0.26520713176597277,17,8,"Justin Sterner",27694,686993
"Aroldis Chapman","BOS",4.2435078620910645,-4.994218349456787,9.237726211547852,25.91699981689453,2.6123692989349365,1.9190865755081177,1.7428348064422607,1.7823700904846191,2.7208917140960693,24,2.359125852584839,-0.14791354134895407,39,7,"Aroldis Chapman",10233,547973
"Andrew Kittredge","- - -",1.317276120185852,-3.24063503742218,4.557911038398743,2.7549997568130493,0.28100350499153137,1.133412829232872,1.1849310761791165,1.2722962962256537,1.4139027112239115,37,0.7776488065719604,0.3845721302401137,20,7,"Andrew Kittredge",12828,552640
"Matt Strahm","PHI",2.2950241565704346,-4.9150166511535645,7.21004056930542,11.004000663757324,1.1149063110351562,1.4870631694793701,1.4177671670913696,1.4976242780685425,1.6141915321350098,47,0.6454412341117859,0.8978853734417698,30,7,"Matt Strahm",13799,621381
"Brent Suter","CIN",-0.5702338218688965,-2.444793939590454,1.8745601177215576,-4.5269999504089355,-0.475180059671402,0.4301389157772064,0.4494735300540924,0.4446755349636078,0.7613538503646851,26,0.3402172029018402,-1.665914090472583,2,7,"Brent Suter",13942,608718
"Anthony Banda","LAD",1.2695008516311646,-3.794529438018799,5.064030170440674,14.390999794006348,1.4869900941848755,0.9902542233467102,0.8330132365226746,0.9328942894935608,1.2587308883666992,55,0.9667717814445496,0.3152231060306072,16,7,"Anthony Banda",14706,607455
"Edwin Díaz","NYM",3.725680351257324,-6.974020004272461,10.699700355529785,17.857999801635742,1.856165885925293,2.012707233428955,1.5550085306167603,1.6422935724258423,2.295942783355713,14,2.01955246925354,-0.16847334091451338,33,7,"Edwin Diaz",14710,621242
"Bryan Abreu","HOU",2.073488235473633,-7.9939656257629395,10.06745433807373,15.220999717712402,1.5242335796356201,1.807715892791748,1.5264033079147339,1.5957200527191162,1.5469725131988525,51,1.3338334560394287,-0.18681237615533308,35,7,"Bryan Abreu",16609,650556
"Garrett Whitlock","BOS",3.066002130508423,-5.682287693023682,8.748290061950684,20.003000259399414,1.993410348892212,1.5357645750045776,1.3944813013076782,1.5448418855667114,1.657649040222168,53,2.210801124572754,-0.21439999616459016,31,7,"Garrett Whitlock",20191,676477
"Daniel Lynch IV","KCR",0.8816348910331726,-2.8481125831604004,3.7297475337982178,13.31100082397461,1.3414041996002197,0.7841245532035828,0.7825947403907776,0.9210545420646667,1.1819149255752563,47,-0.14867417514324188,1.2730298498013126,11,7,"Daniel Lynch IV",21537,663738
"Brenan Hanifee","DET",-0.2560977339744568,-3.967085838317871,3.7109880447387695,0.8470001220703125,0.0802290216088295,0.8264014720916748,0.7603858709335327,0.8347703814506531,0.8097953200340271,43,-0.6619859933853149,0.35209093314751416,10,7,"Brenan Hanifee",22304,669724
"Randy Rodríguez","SFG",0.7332339882850647,-6.025301933288574,6.758535861968994,14.239999771118164,1.5300545692443848,1.8061798810958862,1.4060827493667603,1.604583978652954,1.187742829322815,35,0.8298526406288147,-0.42389418878282226,20,7,"Randy Rodriguez",23974,678495
"Braydon Fisher","TOR",1.7736504077911377,-2.1798336505889893,3.953484058380127,14.98799991607666,1.5277869701385498,0.9981899857521057,0.7363393902778625,0.8566666841506958,0.7661897540092468,39,0.8774867057800293,0.8993798558041828,9,7,"Braydon Fisher",24609,680755
"Victor Vodnik","COL",-0.6279717683792114,-5.663315773010254,5.035344123840332,2.2759997844696045,0.08071928471326828,1.304645299911499,1.2681961059570312,1.4834538698196411,1.5229142904281616,21,0.7139995098114014,-1.1953347573471187,16,7,"Victor Vodnik",24614,680767
"Bryan King","HOU",2.1060242652893066,-5.056588172912598,7.162612438201904,16.159000396728516,1.6962114572525024,1.3346271514892578,1.2060744762420654,1.2821528911590576,1.2018736600875854,57,0.5529946684837341,1.024992309331963,27,7,"Bryan King",25890,687911
"Daniel Palencia","CHC",0.19721205532550812,-6.151919841766357,6.349132061004639,6.619000434875488,0.7194893956184387,1.6439787149429321,1.4253638982772827,1.4185518026351929,0.8035625219345093,16,0.664616584777832,-0.5446563605164407,21,7,"Daniel Palencia",27914,694037
"Ben Casparius","LAD",0.5236104130744934,-5.064509868621826,5.588119983673096,1.9199998378753662,0.18665000796318054,1.0694246292114258,1.066413164138794,1.5040324926376343,1.2480864524841309,37,0.5165875554084778,-0.02696874659107268,20,7,"Ben Casparius",30085,676508
"Mason Fluharty","TOR",0.762904167175293,-2.3005597591400146,3.0634639263153076,3.607999563217163,0.3606598377227783,0.8409154415130615,0.8207457065582275,1.041010856628418,0.7750999927520752,48,0.8080674409866333,0.09916309553746405,9,7,"Mason Fluharty",31553,689254
"Cade Gibson","MIA",0.5581182241439819,-3.1933159828186035,3.751434087753296,10.071000099182129,1.0254572629928589,0.9713899493217468,0.9732879400253296,1.032851219177246,0.9966303110122681,33,0.750747561454773,-0.1761912521850748,11,7,"Cade Gibson",31815,806188
"Kenley Jansen","LAA",3.46441388130188,-5.856277942657471,9.32069206237793,13.034000396728516,1.3276489973068237,1.9481111764907837,1.8477317094802856,1.898921251296997,2.3362715244293213,14,1.109824776649475,0.6685202804034172,31,6,"Kenley Jansen",3096,445276
"Shawn Armstrong","TEX",2.7801570892333984,-4.174396991729736,6.954554080963135,18.05900001525879,1.8915278911590576,1.2687441110610962,1.0878771543502808,1.3297593593597412,1.1580255031585693,47,1.3477427959442139,0.8435241939835292,28,6,"Shawn Armstrong",12857,542888
"Joe Ross","PHI",-0.38470983505249023,-2.5200538635253906,2.1353440284729004,0.3510006368160248,-0.009776031598448753,0.5643290877342224,0.6386382579803467,0.6386389136314392,0.5779555439949036,27,-0.8651006817817688,0.18338881646378968,4,6,"Joe Ross",12972,605452
"Brad Keller","CHC",1.6946722269058228,-4.725489616394043,6.420161724090576,16.799999237060547,1.696405291557312,1.3086029291152954,1.1671885251998901,1.2388776540756226,1.433323621749878,55,1.7545603513717651,-0.4595363305623845,29,6,"Brad Keller",15734,641745
"Aaron Bummer","ATL",0.5124303698539734,-2.332306146621704,2.844736337661743,2.4639999866485596,0.24998584389686584,0.7554757595062256,0.7269073724746704,0.8654800057411194,0.811434268951416,35,0.4664175510406494,0.21187075061034566,14,6,"Aaron Bummer",16258,607481
"Jalen Beeks","ARI",0.7361045479774475,-4.491279602050781,5.227384090423584,8.567999839782715,0.8693634867668152,1.2275716066360474,0.9463223814964294,1.1424610614776611,1.115355134010315,49,1.028799295425415,-0.4291564363056789,15,6,"Jalen Beeks",17192,656222
"Hogan Harris","ATH",1.1509543657302856,-2.6411938667297363,3.7921483516693115,6.875999927520752,0.6561238169670105,0.7258567214012146,0.7533988952636719,1.050920844078064,0.8371857404708862,28,0.4413868486881256,1.1442626766182604,10,6,"Hogan Harris",21520,663687
"Valente Bellozo","MIA",-0.12012787908315659,-2.2040019035339355,2.083873987197876,-4.294000148773193,-0.394797146320343,0.49606260657310486,0.48586440086364746,0.5530538558959961,1.132771372795105,14,-0.03563077002763748,-0.20653196808524488,3,6,"Valente Bellozo",23899,678368
"Abner Uribe","MIL",1.9556564092636108,-6.75040340423584,8.706060409545898,18.273000717163086,1.8749239444732666,1.5713857412338257,1.3291951417922974,1.35097336769104,1.5736132860183716,60,1.6187036037445068,-0.37416105894066876,30,6,"Abner Uribe",25327,682842
"Cole Henry","WSN",0.7669361233711243,-3.1414902210235596,3.908426284790039,-2.6000006198883057,-0.28969573974609375,0.9097537398338318,0.8592138290405273,1.0147192478179932,1.062186360359192,44,0.013217153958976269,0.8297979278050257,13,6,"Cole Henry",27570,669371
"Mike Vasil","CHW",2.267052173614502,-3.953855037689209,6.220907211303711,21.597999572753906,2.2242822647094727,0.8594355583190918,0.7545710206031799,1.0104727745056152,0.6842370629310608,27,2.066769599914551,0.5710688647266684,16,6,"Mike Vasil",30105,678024
"Mason Miller","- - -",3.153267979621887,-5.342285990715027,8.495554208755493,13.871999740600586,1.445637434720993,1.8214839120065012,1.574288388957148,1.6723233699798583,1.6256869875866433,23,1.412436842918396,0.31871650893763337,29,6,"Mason Miller",31757,695243
"Jakob Junis","CLE",0.5767118334770203,-2.976726770401001,3.553438663482666,9.50100040435791,0.989541232585907,0.7055177092552185,0.5836251974105835,0.7261754274368286,0.6303666830062866,48,0.8248599171638489,-0.007429219235901008,8,5,"Jakob Junis",13619,596001
"Sean Newcomb","- - -",1.6474120765924454,-1.778816044330597,3.426228255033493,12.52699899673462,1.2952601462602615,0.5558986269138955,0.6564463929432195,0.9020232599835063,0.8453875202685595,32,1.2152417488396168,1.7482699362641085,12,5,"Sean Newcomb",16943,656794
"Taylor Clarke","KCR",0.873768150806427,-2.213106155395508,3.08687424659729,5.909000396728516,0.5921944975852966,0.6808630228042603,0.7655051946640015,0.8751215934753418,0.7409722208976746,36,1.2926220893859863,-0.009297659153821192,11,5,"Taylor Clarke",17611,664199
"Jack Dreyer","LAD",0.9657663106918335,-3.0838518142700195,4.049618244171143,14.39799976348877,1.4787969589233398,0.885421633720398,0.8522319793701172,0.9845290184020996,1.2894541025161743,48,1.5601871013641357,-0.469445387008411,17,5,"Jack Dreyer",30249,676263
"Jimmy Herget","COL",1.7400082349777222,-2.9368019104003906,4.676810264587402,20.08300018310547,1.9332822561264038,0.664333164691925,0.6412781476974487,0.8347084522247314,0.7967880368232727,50,1.451554298400879,1.1676258471283991,14,4,"Jimmy Herget",17556,623474
"Kolby Allard","CLE",0.44131216406822205,-1.825520634651184,2.2668328285217285,5.383000373840332,0.5367285013198853,0.5398057103157043,0.5347470641136169,0.6393741965293884,0.9593733549118042,15,0.3480968475341797,0.4694420477289354,7,4,"Kolby Allard",18694,663465
"Aaron Ashby","MIL",1.6501164436340332,-3.1150760650634766,4.76519250869751,17.072999954223633,1.745937466621399,0.9145017862319946,0.8333202004432678,1.034352421760559,1.0848060846328735,33,0.8375958204269409,0.9667926110412779,16,4,"Aaron Ashby",23550,676879
"Carmen Mlodzinski","PIT",0.578568160533905,-2.5473220348358154,3.1258902549743652,10.956999778747559,1.0764299631118774,0.784524142742157,0.744488000869751,0.8640636205673218,1.0766667127609253,15,0.6111162900924683,0.12636026290643443,9,4,"Carmen Mlodzinski",27572,669387
"Matt Svanson","STL",1.3436040878295898,-1.755923867225647,3.0995280742645264,12.279000282287598,1.2773795127868652,0.6900216341018677,0.6960530877113342,0.859820544719696,0.9009310603141785,29,1.936349868774414,0.010841380639707854,11,4,"Matt Svanson",29629,694335
"Yariel Rodríguez","TOR",2.28816819190979,-3.85062313079834,6.138791084289551,18.727998733520508,1.8956352472305298,1.0387486219406128,0.9582403302192688,1.0221138000488281,1.2273374795913696,48,1.7540631294250488,0.4487491232978327,23,4,"Yariel Rodriguez",33838,684320
"Tyler Phillips","MIA",2.278846025466919,-2.6342310905456543,4.913077354431152,15.628999710083008,1.5697948932647705,0.7012878060340881,0.6937795877456665,0.7434679269790649,0.8698941469192505,34,1.0631309747695923,2.186385138100263,16,3,"Tyler Phillips",20629,663969
"Brant Hurter","DET",0.9975343942642212,-2.69303297996521,3.6905672550201416,5.708000183105469,0.5526705980300903,0.7920682430267334,0.7933977246284485,0.9825230836868286,0.9903470873832703,34,0.38668352365493774,0.8727210832667325,13,3,"Brant Hurter",30133,676428
"Justin Wrobleski","LAD",0.44171419739723206,-4.504385948181152,4.946100234985352,8.545999526977539,0.8663962483406067,1.1261736154556274,0.9263954758644104,1.2090272903442383,1.3503077030181885,13,0.6967298984527588,-0.30450423152615147,9,3,"Justin Wrobleski",31204,680736
"Josh Hader","HOU",4.246212005615234,-4.134777545928955,8.380990028381348,14.711999893188477,1.5480703115463257,2.052497148513794,1.863398790359497,1.751908302307129,2.585028648376465,7,1.5798665285110474,0.48893634836013433,28,2,"Josh Hader",14212,623352
"Tristan Beck","SFG",0.7405902147293091,-1.0868221521377563,1.8274123668670654,2.371999502182007,0.23961645364761353,0.4440808892250061,0.5100595951080322,0.7333333492279053,0.7291713953018188,21,0.3800811767578125,1.2876109773039404,6,2,"Tristan Beck",21584,663941